{
  "config": {
    "run_name": "exp1_4_L8_K32",
    "out_dir": "./results",
    "seed": 1807446323,
    "device": null,
    "bs_train": 128,
    "bs_test": 32,
    "batches": 100,
    "epochs": 100,
    "early_stopping": 6,
    "checkpoints": null,
    "lr": 0.001,
    "reg": 0.001,
    "filters_per_layer": [
      32
    ],
    "layers_per_block": 8,
    "pool_every": 8,
    "hidden_dims": [
      100
    ],
    "model_type": "resnet",
    "kw": {}
  },
  "results": {
    "num_epochs": 42,
    "train_loss": [
      1.937759370803833,
      1.6625728499889374,
      1.5674883449077606,
      1.5027260506153106,
      1.4343439269065856,
      1.3968600153923034,
      1.3664967978000642,
      1.3409667789936066,
      1.3194093823432922,
      1.2794373619556427,
      1.2684317910671234,
      1.2390462720394135,
      1.2188968241214753,
      1.1937074768543243,
      1.1676779687404633,
      1.1724674063920975,
      1.12337786257267,
      1.1131965392827987,
      1.0794885724782943,
      1.0549971562623979,
      1.071031289100647,
      1.0245049554109573,
      0.9980769240856171,
      0.9934836196899414,
      0.9743780797719955,
      0.9450888073444367,
      0.9483551347255706,
      0.9237659728527069,
      0.9099600595235825,
      0.8917738127708436,
      0.8857232713699341,
      0.889776211977005,
      0.863699488043785,
      0.8644313526153564,
      0.834829421043396,
      0.8256957185268402,
      0.8121903055906295,
      0.7991689020395278,
      0.8065117955207824,
      0.7791395223140717,
      0.7870499891042709,
      0.7721969419717789
    ],
    "train_acc": [
      30.734375,
      40.25,
      43.53125,
      46.234375,
      47.9765625,
      49.7734375,
      50.8203125,
      51.46875,
      52.7265625,
      53.796875,
      54.5546875,
      55.9921875,
      56.3828125,
      57.296875,
      58.1328125,
      58.9375,
      59.234375,
      60.3828125,
      62.09375,
      62.390625,
      62.1796875,
      63.9765625,
      64.9453125,
      65.359375,
      65.7734375,
      66.3984375,
      66.5703125,
      67.6328125,
      67.8671875,
      68.609375,
      68.6953125,
      68.46875,
      69.3671875,
      69.7109375,
      71.1640625,
      70.7890625,
      71.4140625,
      71.8046875,
      71.7578125,
      72.6484375,
      72.6015625,
      73.078125
    ],
    "test_loss": [
      1.7572173917293548,
      1.6210676038265228,
      1.531529598236084,
      1.4425940454006194,
      1.4288810324668884,
      1.381336908340454,
      1.3284808272123336,
      1.323332004547119,
      1.2862101101875305,
      1.2655199545621871,
      1.2996324443817138,
      1.2527024227380752,
      1.2228576350212097,
      1.2059865391254425,
      1.2051833993196488,
      1.1887401562929154,
      1.1766358077526093,
      1.132227526307106,
      1.1837267684936523,
      1.124651637673378,
      1.1364455956220627,
      1.1385280960798263,
      1.146815173625946,
      1.0748599314689635,
      1.037813640832901,
      1.031824083328247,
      1.0151331388950349,
      1.005307498574257,
      1.0178771537542344,
      1.0654552102088928,
      1.023418155312538,
      1.023952894806862,
      1.0164594286680222,
      1.0089552509784698,
      0.9784074372053146,
      0.9538594454526901,
      0.9854849177598953,
      0.9552868682146073,
      0.9742777410149575,
      0.9706619450449944,
      0.9401576796174049,
      0.9439879560470581
    ],
    "test_acc": [
      36.75,
      43.21875,
      44.3125,
      48.4375,
      49.90625,
      50.84375,
      52.15625,
      52.75,
      53.78125,
      54.3125,
      52.59375,
      54.90625,
      55.4375,
      55.75,
      56.53125,
      57.625,
      57.0,
      59.03125,
      57.25,
      59.6875,
      59.4375,
      58.96875,
      58.1875,
      61.84375,
      62.125,
      62.84375,
      64.125,
      63.59375,
      63.78125,
      62.625,
      63.125,
      63.5,
      64.53125,
      64.625,
      65.125,
      67.28125,
      64.6875,
      66.0625,
      65.5,
      65.59375,
      66.78125,
      66.0625
    ]
  }
}