{
  "config": {
    "run_name": "exp1_1_L8_K64",
    "out_dir": "./results",
    "seed": 957180285,
    "device": null,
    "bs_train": 128,
    "bs_test": 32,
    "batches": 100,
    "epochs": 100,
    "early_stopping": 6,
    "checkpoints": null,
    "lr": 0.001,
    "reg": 0.001,
    "filters_per_layer": [
      64
    ],
    "layers_per_block": 8,
    "pool_every": 4,
    "hidden_dims": [
      100
    ],
    "model_type": "cnn",
    "kw": {}
  },
  "results": {
    "num_epochs": 10,
    "train_loss": [
      2.3038724064826965,
      2.302883121967316,
      2.3027863669395447,
      2.3026324248313905,
      2.3029305076599123,
      2.302703907489777,
      2.3027088928222654,
      2.3027630257606506,
      2.3026890635490416,
      2.3026587700843812
    ],
    "train_acc": [
      9.671875,
      9.5546875,
      10.0078125,
      10.453125,
      9.703125,
      10.3203125,
      10.15625,
      10.0546875,
      10.09375,
      10.0234375
    ],
    "test_loss": [
      2.3028754019737243,
      2.3029481053352354,
      2.3030280017852784,
      2.3028986120223998,
      2.302879898548126,
      2.302941677570343,
      2.3028348803520204,
      2.3026575016975404,
      2.302694470882416,
      2.302746295928955
    ],
    "test_acc": [
      9.75,
      9.65625,
      9.65625,
      10.125,
      9.65625,
      9.625,
      9.65625,
      9.65625,
      9.65625,
      9.65625
    ]
  }
}