{
  "config": {
    "run_name": "exp1_1_L4_K32",
    "out_dir": "./results",
    "seed": 933943247,
    "device": null,
    "bs_train": 128,
    "bs_test": 32,
    "batches": 100,
    "epochs": 100,
    "early_stopping": 6,
    "checkpoints": null,
    "lr": 0.001,
    "reg": 0.001,
    "filters_per_layer": [
      32
    ],
    "layers_per_block": 4,
    "pool_every": 4,
    "hidden_dims": [
      100
    ],
    "model_type": "cnn",
    "kw": {}
  },
  "results": {
    "num_epochs": 38,
    "train_loss": [
      1.9982590472698212,
      1.6792414593696594,
      1.5334900724887848,
      1.4318924713134766,
      1.3527116179466248,
      1.294100888967514,
      1.254289088845253,
      1.1719854003190995,
      1.1557509952783585,
      1.1119513845443725,
      1.068331751227379,
      1.01124207675457,
      0.974827750325203,
      0.9337680792808533,
      0.9228869599103927,
      0.8826442819833755,
      0.8454981058835983,
      0.8109746468067169,
      0.7982171273231506,
      0.7557214796543121,
      0.7327934515476227,
      0.7275849968194962,
      0.7066388538479805,
      0.6928104990720749,
      0.6535055232048035,
      0.649683113694191,
      0.6237172698974609,
      0.6202257430553436,
      0.5910664397478104,
      0.547571313381195,
      0.5589896178245545,
      0.5322304087877273,
      0.5100522127747535,
      0.5070019268989563,
      0.48200455963611605,
      0.4731549575924873,
      0.457025306224823,
      0.42693764001131057
    ],
    "train_acc": [
      26.9609375,
      39.7421875,
      44.7890625,
      48.28125,
      51.3828125,
      53.671875,
      54.71875,
      58.34375,
      58.8125,
      59.953125,
      62.40625,
      64.375,
      65.265625,
      66.96875,
      67.890625,
      69.28125,
      70.2734375,
      71.609375,
      72.28125,
      73.671875,
      74.3984375,
      74.9375,
      75.3984375,
      75.75,
      77.4375,
      77.5234375,
      78.15625,
      78.5859375,
      79.9140625,
      81.0078125,
      81.1171875,
      81.8203125,
      82.796875,
      82.671875,
      83.0234375,
      84.234375,
      84.6875,
      85.3359375
    ],
    "test_loss": [
      1.914251924753189,
      1.5349167680740357,
      1.4906371986865998,
      1.3600801438093186,
      1.3027204310894012,
      1.2641522693634033,
      1.264640576839447,
      1.1846002233028412,
      1.156655695438385,
      1.149954935312271,
      1.1139909821748732,
      1.056943507194519,
      1.0862167763710022,
      1.0737323027849197,
      1.011300379037857,
      1.0443707394599915,
      1.0281476807594299,
      1.000715080499649,
      1.0167110526561738,
      1.0208661168813706,
      1.0580963146686555,
      1.0177131938934325,
      1.007455496788025,
      1.0265484285354614,
      1.0451707038283349,
      1.0297726619243621,
      1.0334359335899352,
      1.0249068000912667,
      1.0812243089079856,
      1.1079513984918594,
      1.0768929672241212,
      1.0787585920095444,
      1.0931216904520988,
      1.0982995876669883,
      1.1298149889707565,
      1.140815843641758,
      1.1393949723243713,
      1.171166389286518
    ],
    "test_acc": [
      33.3125,
      45.3125,
      46.25,
      50.78125,
      53.25,
      54.5625,
      55.03125,
      57.625,
      58.09375,
      58.8125,
      60.0625,
      63.1875,
      61.8125,
      62.78125,
      64.78125,
      64.25,
      63.9375,
      64.8125,
      65.5625,
      65.71875,
      64.09375,
      65.4375,
      66.21875,
      65.90625,
      64.5625,
      65.34375,
      65.375,
      66.375,
      65.46875,
      64.78125,
      65.5,
      66.78125,
      65.5625,
      65.8125,
      64.78125,
      66.28125,
      65.71875,
      65.15625
    ]
  }
}