{
  "config": {
    "run_name": "exp1_2_L2_K64",
    "out_dir": "./results",
    "seed": 1756636954,
    "device": null,
    "bs_train": 128,
    "bs_test": 32,
    "batches": 100,
    "epochs": 100,
    "early_stopping": 6,
    "checkpoints": null,
    "lr": 0.001,
    "reg": 0.001,
    "filters_per_layer": [
      64
    ],
    "layers_per_block": 2,
    "pool_every": 4,
    "hidden_dims": [
      100
    ],
    "model_type": "cnn",
    "kw": {}
  },
  "results": {
    "num_epochs": 35,
    "train_loss": [
      1.9834066724777222,
      1.644906461238861,
      1.5411940252780914,
      1.494237608909607,
      1.4760943007469178,
      1.428973721265793,
      1.4081391382217407,
      1.3857295715808868,
      1.362115216255188,
      1.3578150546550751,
      1.3181207263469696,
      1.287621705532074,
      1.25770690202713,
      1.2229837000370025,
      1.1977794152498245,
      1.1901451820135116,
      1.1577258974313736,
      1.137404493689537,
      1.1252819669246674,
      1.0993199068307877,
      1.0988155370950698,
      1.0992641454935075,
      1.0693169564008713,
      1.0374832892417907,
      1.0400183016061784,
      1.0395937782526017,
      1.01803759932518,
      1.0272543555498124,
      0.9990603232383728,
      0.9923154079914093,
      0.9811131006479263,
      0.9663700389862061,
      0.9718370395898819,
      0.938714154958725,
      0.9570555162429809
    ],
    "train_acc": [
      28.3984375,
      41.4921875,
      45.5390625,
      46.6015625,
      47.3203125,
      49.375,
      49.7109375,
      50.3671875,
      51.0625,
      51.2265625,
      52.65625,
      54.453125,
      55.0546875,
      56.8203125,
      57.171875,
      57.9765625,
      58.8359375,
      59.640625,
      60.1796875,
      61.453125,
      61.46875,
      60.953125,
      62.28125,
      63.5859375,
      62.8046875,
      62.90625,
      63.8046875,
      63.421875,
      65.0859375,
      64.65625,
      65.015625,
      66.0,
      65.265625,
      66.6875,
      66.0234375
    ],
    "test_loss": [
      1.6917247426509858,
      1.543577653169632,
      1.503691884279251,
      1.502258882522583,
      1.4406321740150452,
      1.4214445650577545,
      1.43225162088871,
      1.3778237473964692,
      1.389500351548195,
      1.3461582201719284,
      1.3382766789197922,
      1.2935653555393218,
      1.295151910185814,
      1.2559386432170867,
      1.2338780236244202,
      1.2252086210250854,
      1.2382295441627502,
      1.2577310276031495,
      1.2290474194288254,
      1.2274582505226135,
      1.2045895564556122,
      1.2105657905340195,
      1.1887208390235902,
      1.211249659061432,
      1.201207657456398,
      1.1905907422304154,
      1.2029074078798294,
      1.1778086054325103,
      1.1755939304828644,
      1.2203601330518723,
      1.1837857037782669,
      1.1937119388580322,
      1.191850147843361,
      1.2057685714960098,
      1.1966087239980698
    ],
    "test_acc": [
      39.65625,
      45.59375,
      46.1875,
      46.34375,
      48.84375,
      49.84375,
      48.875,
      51.21875,
      50.3125,
      51.59375,
      51.53125,
      52.84375,
      53.53125,
      54.8125,
      55.46875,
      56.53125,
      55.0,
      55.09375,
      55.875,
      56.71875,
      56.5,
      57.375,
      57.59375,
      56.78125,
      56.5,
      57.875,
      57.875,
      57.8125,
      58.84375,
      56.90625,
      58.46875,
      57.375,
      58.34375,
      58.03125,
      58.28125
    ]
  }
}