{
  "config": {
    "run_name": "exp1_1_L16_K64",
    "out_dir": "./results",
    "seed": 1015530619,
    "device": null,
    "bs_train": 128,
    "bs_test": 32,
    "batches": 100,
    "epochs": 100,
    "early_stopping": 6,
    "checkpoints": null,
    "lr": 0.001,
    "reg": 0.001,
    "filters_per_layer": [
      64
    ],
    "layers_per_block": 16,
    "pool_every": 4,
    "hidden_dims": [
      100
    ],
    "model_type": "cnn",
    "kw": {}
  },
  "results": {
    "num_epochs": 10,
    "train_loss": [
      2.3033852887153627,
      2.3029073524475097,
      2.3030450320243836,
      2.3028993010520935,
      2.3028289437294007,
      2.3028125667572024,
      2.302788155078888,
      2.302739984989166,
      2.302759473323822,
      2.302687041759491
    ],
    "train_acc": [
      10.03125,
      9.7265625,
      9.5,
      9.8828125,
      9.9609375,
      9.7421875,
      9.5625,
      10.4296875,
      10.2109375,
      9.6484375
    ],
    "test_loss": [
      2.3032398223876953,
      2.3034443497657775,
      2.3028273224830627,
      2.3025159358978273,
      2.302870876789093,
      2.3024566745758057,
      2.3026107335090638,
      2.3029419803619384,
      2.3028915524482727,
      2.302872440814972
    ],
    "test_acc": [
      10.21875,
      9.75,
      9.75,
      10.5,
      9.96875,
      10.46875,
      10.21875,
      9.65625,
      9.65625,
      9.625
    ]
  }
}