{
  "config": {
    "run_name": "exp1_4_L8_K64-128-256",
    "out_dir": "./results",
    "seed": 1125389467,
    "device": null,
    "bs_train": 128,
    "bs_test": 32,
    "batches": 100,
    "epochs": 100,
    "early_stopping": 6,
    "checkpoints": null,
    "lr": 0.001,
    "reg": 0.001,
    "filters_per_layer": [
      64,
      128,
      256
    ],
    "layers_per_block": 8,
    "pool_every": 8,
    "hidden_dims": [
      100
    ],
    "model_type": "resnet",
    "kw": {}
  },
  "results": {
    "num_epochs": 46,
    "train_loss": [
      2.0700039327144624,
      1.7175272369384766,
      1.6323423397541046,
      1.5526275730133057,
      1.5180007445812225,
      1.5014463043212891,
      1.4772181403636933,
      1.4596067798137664,
      1.4292695677280427,
      1.411496990919113,
      1.4045324075222014,
      1.3881018829345704,
      1.3816399550437928,
      1.3561587393283845,
      1.35090465426445,
      1.3058590042591094,
      1.3238710951805115,
      1.3186428654193878,
      1.2940654957294464,
      1.294648003578186,
      1.2631319344043732,
      1.2649121248722077,
      1.2546010744571685,
      1.2355473607778549,
      1.246068617105484,
      1.2190842807292939,
      1.2267404210567474,
      1.2252704882621765,
      1.1897206699848175,
      1.1922209322452546,
      1.212536919116974,
      1.1983262932300567,
      1.2073398166894913,
      1.1772875112295151,
      1.1764493310451507,
      1.176675769686699,
      1.1774754750728607,
      1.17094318151474,
      1.1613343238830567,
      1.1534672367572785,
      1.158688930273056,
      1.1462226921319962,
      1.137811884880066,
      1.141786732673645,
      1.1283566838502883,
      1.1582661932706833
    ],
    "train_acc": [
      23.0,
      38.859375,
      41.3125,
      44.5546875,
      45.40625,
      46.4140625,
      47.4453125,
      47.734375,
      48.8515625,
      49.7265625,
      49.1875,
      50.75,
      51.109375,
      51.9921875,
      51.828125,
      53.4765625,
      52.9453125,
      53.046875,
      54.015625,
      54.140625,
      54.8984375,
      55.2109375,
      55.734375,
      55.7109375,
      56.4921875,
      56.65625,
      56.1953125,
      56.4296875,
      57.109375,
      57.703125,
      56.65625,
      56.9765625,
      56.7421875,
      57.5234375,
      58.015625,
      58.421875,
      58.0078125,
      58.2734375,
      59.0234375,
      58.765625,
      59.09375,
      59.2421875,
      59.515625,
      59.609375,
      60.4453125,
      59.359375
    ],
    "test_loss": [
      1.8663591027259827,
      1.6307878410816192,
      1.547384935617447,
      1.5457030522823334,
      1.4780010378360748,
      1.4632104527950287,
      1.4298224830627442,
      1.46995978474617,
      1.397121376991272,
      1.3901836025714873,
      1.387531930208206,
      1.4350425571203231,
      1.3599127429723739,
      1.3506129348278046,
      1.3412719583511352,
      1.346074041724205,
      1.3326214396953582,
      1.306588961482048,
      1.271398948431015,
      1.2834201240539551,
      1.2840437799692155,
      1.258467015028,
      1.2379258382320404,
      1.267701454758644,
      1.2802324110269547,
      1.2359671682119369,
      1.2464735674858094,
      1.2228000110387802,
      1.255106390118599,
      1.2702503556013107,
      1.2129368686676025,
      1.245190260410309,
      1.2449565225839614,
      1.2005323606729508,
      1.2138709151744842,
      1.2111125892400743,
      1.2247085922956467,
      1.2079965662956238,
      1.1948134523630143,
      1.1838473457098007,
      1.2099536633491517,
      1.1935699838399887,
      1.1955626541376114,
      1.2083462589979173,
      1.1869255524873734,
      1.184242423772812
    ],
    "test_acc": [
      33.59375,
      40.03125,
      44.1875,
      43.90625,
      45.1875,
      46.9375,
      48.21875,
      46.25,
      49.21875,
      49.875,
      50.3125,
      48.0625,
      51.53125,
      51.65625,
      51.8125,
      51.53125,
      51.875,
      52.84375,
      53.78125,
      54.15625,
      54.0,
      55.375,
      55.1875,
      55.375,
      54.09375,
      56.34375,
      54.78125,
      55.78125,
      54.875,
      54.75,
      56.625,
      55.5625,
      53.84375,
      56.21875,
      56.5,
      56.9375,
      56.625,
      55.96875,
      56.65625,
      58.09375,
      57.09375,
      57.3125,
      57.125,
      56.6875,
      57.40625,
      56.75
    ]
  }
}