{
  "config": {
    "run_name": "exp1_1_L16_K32",
    "out_dir": "./results",
    "seed": 710496775,
    "device": null,
    "bs_train": 128,
    "bs_test": 32,
    "batches": 100,
    "epochs": 100,
    "early_stopping": 6,
    "checkpoints": null,
    "lr": 0.001,
    "reg": 0.001,
    "filters_per_layer": [
      32
    ],
    "layers_per_block": 16,
    "pool_every": 4,
    "hidden_dims": [
      100
    ],
    "model_type": "cnn",
    "kw": {}
  },
  "results": {
    "num_epochs": 8,
    "train_loss": [
      2.3031792640686035,
      2.3027897667884827,
      2.3028969049453734,
      2.3029043531417845,
      2.302792375087738,
      2.3028594040870667,
      2.3027995944023134,
      2.3029173755645753
    ],
    "train_acc": [
      9.9453125,
      10.0703125,
      10.375,
      9.8359375,
      9.734375,
      10.0234375,
      10.2578125,
      9.515625
    ],
    "test_loss": [
      2.3028957724571226,
      2.3027195644378664,
      2.3028052377700807,
      2.3027801299095154,
      2.3029381608963013,
      2.302687609195709,
      2.3028520226478575,
      2.3027836680412292
    ],
    "test_acc": [
      10.125,
      10.21875,
      9.84375,
      9.75,
      9.84375,
      10.21875,
      9.96875,
      9.65625
    ]
  }
}