{
  "config": {
    "run_name": "exp1_1_L4_K64",
    "out_dir": "./results",
    "seed": 1177620997,
    "device": null,
    "bs_train": 128,
    "bs_test": 32,
    "batches": 100,
    "epochs": 100,
    "early_stopping": 6,
    "checkpoints": null,
    "lr": 0.001,
    "reg": 0.001,
    "filters_per_layer": [
      64
    ],
    "layers_per_block": 4,
    "pool_every": 4,
    "hidden_dims": [
      100
    ],
    "model_type": "cnn",
    "kw": {}
  },
  "results": {
    "num_epochs": 22,
    "train_loss": [
      1.995942816734314,
      1.59791961312294,
      1.4367195439338685,
      1.344111887216568,
      1.2759524047374726,
      1.2137306225299835,
      1.1495299047231675,
      1.1100053364038467,
      1.0753167068958283,
      1.0204766339063644,
      0.9670054471492767,
      0.9583636051416398,
      0.885412146449089,
      0.8348504441976548,
      0.8079063814878463,
      0.7745677840709686,
      0.7547394812107087,
      0.7276050388813019,
      0.6926303324103356,
      0.6742244446277619,
      0.6537242978811264,
      0.6038243454694748
    ],
    "train_acc": [
      26.96875,
      42.328125,
      48.5234375,
      51.6171875,
      54.4765625,
      57.1953125,
      59.171875,
      60.734375,
      62.234375,
      63.4453125,
      65.765625,
      66.8984375,
      69.21875,
      71.234375,
      71.90625,
      73.2265625,
      74.0546875,
      74.953125,
      75.8671875,
      76.40625,
      77.84375,
      78.96875
    ],
    "test_loss": [
      1.7385623097419738,
      1.4808344912528992,
      1.4134625226259232,
      1.3097247880697251,
      1.2346232038736344,
      1.2043076902627945,
      1.1749573469161987,
      1.133288323879242,
      1.1252365398406983,
      1.1274161356687546,
      1.0830173522233963,
      1.0639640110731126,
      1.0226983898878097,
      1.0123233336210251,
      1.0000258708000183,
      0.9972373104095459,
      1.0485992550849914,
      1.029817027747631,
      1.0390534472465516,
      1.056649469435215,
      1.1089078032970427,
      1.1032073777914047
    ],
    "test_acc": [
      38.15625,
      46.9375,
      49.875,
      52.5625,
      55.4375,
      56.875,
      57.25,
      60.3125,
      60.0,
      59.6875,
      61.5625,
      62.125,
      63.53125,
      64.84375,
      64.875,
      64.90625,
      64.65625,
      64.6875,
      63.8125,
      64.46875,
      63.3125,
      64.53125
    ]
  }
}