{
  "config": {
    "run_name": "exp1_4_L2_K64-128-256",
    "out_dir": "./results",
    "seed": 1771460522,
    "device": null,
    "bs_train": 128,
    "bs_test": 32,
    "batches": 100,
    "epochs": 100,
    "early_stopping": 6,
    "checkpoints": null,
    "lr": 0.001,
    "reg": 0.001,
    "filters_per_layer": [
      64,
      128,
      256
    ],
    "layers_per_block": 2,
    "pool_every": 8,
    "hidden_dims": [
      100
    ],
    "model_type": "resnet",
    "kw": {}
  },
  "results": {
    "num_epochs": 47,
    "train_loss": [
      2.7109113156795503,
      1.6693437445163726,
      1.5611906993389129,
      1.464032657146454,
      1.4279129910469055,
      1.3713537657260895,
      1.287875735759735,
      1.243047935962677,
      1.1684202003479003,
      1.1461991316080093,
      1.1134358030557632,
      1.0688900446891785,
      1.0463698983192444,
      1.0123544126749038,
      1.024026802778244,
      0.9910590249300003,
      0.9574447625875473,
      0.9505239087343216,
      0.9313111144304276,
      0.9072238844633103,
      0.8848896032571792,
      0.8462120580673218,
      0.8573529368638992,
      0.8170071536302567,
      0.8062769567966461,
      0.7751174932718277,
      0.7597657340764999,
      0.770339862704277,
      0.7310012656450272,
      0.7012549006938934,
      0.6844025972485542,
      0.6908606994152069,
      0.6630405178666114,
      0.654570617377758,
      0.6404912984371185,
      0.6472603151202202,
      0.6296210739016533,
      0.6042116442322731,
      0.5631619316339492,
      0.5833628702163697,
      0.5718540877103806,
      0.5541582784056663,
      0.533543313741684,
      0.5178828245401382,
      0.5224697044491768,
      0.5177425634860993,
      0.4938522538542747
    ],
    "train_acc": [
      26.4140625,
      39.7265625,
      44.484375,
      47.125,
      48.34375,
      50.5078125,
      53.8671875,
      55.6328125,
      58.6796875,
      59.015625,
      61.0078125,
      62.390625,
      63.28125,
      64.6015625,
      64.09375,
      65.0703125,
      66.1328125,
      66.40625,
      67.078125,
      68.3125,
      68.7109375,
      70.0703125,
      69.8125,
      71.25,
      72.265625,
      72.734375,
      73.4453125,
      73.234375,
      74.234375,
      75.2734375,
      76.1484375,
      75.8671875,
      76.796875,
      77.140625,
      77.765625,
      77.25,
      78.15625,
      79.3125,
      80.7578125,
      80.0625,
      80.1875,
      80.6875,
      81.7109375,
      82.3984375,
      82.4609375,
      82.4921875,
      82.9140625
    ],
    "test_loss": [
      1.7686863219738007,
      1.628247047662735,
      1.4831847965717315,
      1.433325057029724,
      1.3643674111366273,
      1.3964438223838807,
      1.275452840924263,
      1.2216150146722793,
      1.2304664981365203,
      1.164938871860504,
      1.1677283608913422,
      1.1818760979175567,
      1.088324657678604,
      1.204544541835785,
      1.0565441733598708,
      1.049528302550316,
      1.0326479971408844,
      1.0607654500007628,
      1.0763191896677018,
      0.9897258305549621,
      0.9905143946409225,
      1.0414355075359345,
      1.0062322169542313,
      0.978797595500946,
      0.9436280012130738,
      0.9295484238862991,
      0.8785774838924408,
      0.898989363014698,
      0.8686421680450439,
      0.9041464945673943,
      0.8857852712273597,
      0.8274078357219696,
      0.8810634174942971,
      0.9393850836157799,
      0.8892967280745506,
      0.8780726680159568,
      0.8562962445616722,
      0.8319558703899383,
      0.8852229461073875,
      0.8437401071190834,
      0.8236825263500214,
      0.8415445694327355,
      0.9179238432645798,
      0.8785736432671547,
      0.8735680159926414,
      0.8603394907712937,
      0.8866903617978096
    ],
    "test_acc": [
      38.3125,
      41.875,
      47.15625,
      49.6875,
      50.46875,
      49.875,
      54.03125,
      56.6875,
      56.625,
      57.84375,
      58.90625,
      57.8125,
      60.46875,
      57.03125,
      62.15625,
      61.9375,
      62.9375,
      61.90625,
      61.09375,
      65.0625,
      64.21875,
      62.4375,
      64.53125,
      65.28125,
      66.28125,
      66.71875,
      69.46875,
      68.28125,
      69.53125,
      68.8125,
      69.4375,
      71.375,
      69.8125,
      67.625,
      68.6875,
      70.34375,
      70.34375,
      71.4375,
      70.53125,
      71.0625,
      72.625,
      71.96875,
      69.9375,
      70.09375,
      71.03125,
      71.15625,
      70.9375
    ]
  }
}