{
  "config": {
    "run_name": "exp1_1_L8_K32",
    "out_dir": "./results",
    "seed": 64301755,
    "device": null,
    "bs_train": 128,
    "bs_test": 32,
    "batches": 100,
    "epochs": 100,
    "early_stopping": 6,
    "checkpoints": null,
    "lr": 0.001,
    "reg": 0.001,
    "filters_per_layer": [
      32
    ],
    "layers_per_block": 8,
    "pool_every": 4,
    "hidden_dims": [
      100
    ],
    "model_type": "cnn",
    "kw": {}
  },
  "results": {
    "num_epochs": 7,
    "train_loss": [
      2.303429265022278,
      2.303081407546997,
      2.3031664371490477,
      2.3028172135353087,
      2.302667484283447,
      2.3027002787590027,
      2.30275004863739
    ],
    "train_acc": [
      9.9609375,
      9.953125,
      10.15625,
      9.9921875,
      10.3125,
      10.171875,
      10.015625
    ],
    "test_loss": [
      2.302991065979004,
      2.3024805855751036,
      2.3024846506118775,
      2.3024296665191653,
      2.30240416765213,
      2.302519290447235,
      2.3025206828117373
    ],
    "test_acc": [
      10.21875,
      9.96875,
      10.21875,
      9.96875,
      10.21875,
      10.21875,
      10.125
    ]
  }
}