{
  "config": {
    "run_name": "exp1_4_L16_K32",
    "out_dir": "./results",
    "seed": 572644047,
    "device": null,
    "bs_train": 128,
    "bs_test": 32,
    "batches": 100,
    "epochs": 100,
    "early_stopping": 6,
    "checkpoints": null,
    "lr": 0.001,
    "reg": 0.001,
    "filters_per_layer": [
      32
    ],
    "layers_per_block": 16,
    "pool_every": 8,
    "hidden_dims": [
      100
    ],
    "model_type": "resnet",
    "kw": {}
  },
  "results": {
    "num_epochs": 43,
    "train_loss": [
      2.055649918317795,
      1.7792924129962921,
      1.6048569214344024,
      1.538769828081131,
      1.4680388855934143,
      1.4215490019321442,
      1.3914450573921204,
      1.3304508328437805,
      1.2605993735790253,
      1.2200505447387695,
      1.1861523109674454,
      1.1637081813812256,
      1.1004456597566605,
      1.0788540709018708,
      1.0406015509366988,
      1.023009598851204,
      0.9838007962703705,
      0.9677841341495514,
      0.9374833637475968,
      0.937867465019226,
      0.9085638022422791,
      0.8898940908908844,
      0.8774139493703842,
      0.8473945170640945,
      0.8331380802392959,
      0.8265067839622497,
      0.8097160297632218,
      0.7861871498823166,
      0.784762099981308,
      0.7598256421089172,
      0.7580450081825256,
      0.7417375963926315,
      0.7286926075816155,
      0.7199136638641357,
      0.7163115763664245,
      0.7110909813642502,
      0.6796087884902954,
      0.6723932832479477,
      0.6606827196478844,
      0.6516797515749931,
      0.6607986477017402,
      0.6366101697087287,
      0.6244969910383225
    ],
    "train_acc": [
      25.0625,
      35.78125,
      41.890625,
      44.203125,
      46.625,
      48.7109375,
      50.328125,
      52.0234375,
      54.7265625,
      56.2265625,
      57.8203125,
      58.609375,
      61.2109375,
      61.9453125,
      63.03125,
      64.0,
      65.3046875,
      65.984375,
      66.953125,
      66.4921875,
      67.90625,
      68.703125,
      69.2890625,
      70.296875,
      70.8203125,
      70.7890625,
      71.5859375,
      72.4296875,
      71.9296875,
      73.296875,
      73.9296875,
      74.03125,
      74.6328125,
      74.578125,
      74.9453125,
      75.109375,
      76.296875,
      76.3359375,
      76.90625,
      77.0078125,
      76.7578125,
      77.671875,
      78.28125
    ],
    "test_loss": [
      1.8701641356945038,
      1.668747180700302,
      1.5108758175373078,
      1.493862817287445,
      1.4440975987911224,
      1.3876356375217438,
      1.3302777940034867,
      1.2804279851913452,
      1.247462247610092,
      1.2550183898210525,
      1.1988393777608872,
      1.2052621668577195,
      1.1321263587474824,
      1.0805861163139343,
      1.1246018558740616,
      1.0680221104621888,
      1.055753008723259,
      1.0174609220027924,
      1.0054376059770584,
      1.0310353487730026,
      0.9721516400575638,
      0.9550134986639023,
      0.9465826117992401,
      0.955240261554718,
      0.9422946542501449,
      0.9408099538087845,
      0.9884328705072403,
      0.9649152648448944,
      0.943424457013607,
      0.9416997632384301,
      0.9243039739131927,
      0.9449160206317901,
      0.9277387657761573,
      0.9167262196540833,
      0.933367685675621,
      0.9331642132997513,
      0.8920581987500191,
      0.9396441558003426,
      0.9177378177642822,
      0.9301674288511276,
      0.9087263989448547,
      0.9163043427467347,
      0.9509116825461388
    ],
    "test_acc": [
      32.6875,
      38.65625,
      46.28125,
      45.5,
      48.53125,
      50.625,
      51.59375,
      54.125,
      54.40625,
      55.46875,
      57.71875,
      57.21875,
      58.65625,
      61.75,
      59.53125,
      61.28125,
      63.125,
      64.53125,
      64.09375,
      63.65625,
      65.46875,
      66.65625,
      66.46875,
      67.25,
      67.03125,
      67.375,
      66.125,
      66.5,
      66.8125,
      67.8125,
      68.1875,
      67.4375,
      67.90625,
      68.40625,
      68.1875,
      67.28125,
      70.375,
      68.03125,
      68.53125,
      68.0625,
      69.8125,
      68.625,
      68.125
    ]
  }
}