{
  "config": {
    "run_name": "exp1_3_L4_K64-128",
    "out_dir": "./results",
    "seed": 542186784,
    "device": null,
    "bs_train": 128,
    "bs_test": 32,
    "batches": 100,
    "epochs": 100,
    "early_stopping": 3,
    "checkpoints": null,
    "lr": 0.001,
    "reg": 0.001,
    "filters_per_layer": [
      64,
      128
    ],
    "layers_per_block": 4,
    "pool_every": 2,
    "hidden_dims": [
      100
    ],
    "model_type": "cnn",
    "kw": {}
  },
  "results": {
    "num_epochs": 7,
    "train_loss": [
      2.3036860632896423,
      2.3031296706199647,
      2.302884368896484,
      2.302792901992798,
      2.3027763319015504,
      2.302731206417084,
      2.302664430141449
    ],
    "train_acc": [
      9.890625,
      9.546875,
      9.9921875,
      9.90625,
      10.0234375,
      10.015625,
      9.578125
    ],
    "test_loss": [
      2.3027204704284667,
      2.3029309344291686,
      2.302499315738678,
      2.3027273559570314,
      2.3027885866165163,
      2.3027460837364195,
      2.3029028844833372
    ],
    "test_acc": [
      10.125,
      10.46875,
      10.46875,
      10.5,
      9.84375,
      10.46875,
      9.84375
    ]
  }
}