{
  "config": {
    "run_name": "exp1_4_L32_K32",
    "out_dir": "./results",
    "seed": 1423599196,
    "device": null,
    "bs_train": 128,
    "bs_test": 32,
    "batches": 100,
    "epochs": 100,
    "early_stopping": 6,
    "checkpoints": null,
    "lr": 0.001,
    "reg": 0.001,
    "filters_per_layer": [
      32
    ],
    "layers_per_block": 32,
    "pool_every": 8,
    "hidden_dims": [
      100
    ],
    "model_type": "resnet",
    "kw": {}
  },
  "results": {
    "num_epochs": 65,
    "train_loss": [
      2.22221009016037,
      1.960431433916092,
      1.8278025543689729,
      1.7517839336395264,
      1.7006745088100432,
      1.647152018547058,
      1.5941304910182952,
      1.569582462310791,
      1.5187686669826508,
      1.510859340429306,
      1.4729414701461792,
      1.4500162422657012,
      1.418897691965103,
      1.4136909866333007,
      1.3731858026981354,
      1.3515700602531433,
      1.3425719904899598,
      1.3364673495292663,
      1.2774828708171844,
      1.2725325810909272,
      1.2613910245895386,
      1.256915535926819,
      1.2315933138132096,
      1.2077526891231536,
      1.209122269153595,
      1.1928577345609666,
      1.196623500585556,
      1.173911091685295,
      1.1708839917182923,
      1.1446693152189256,
      1.1423264223337173,
      1.1296100318431854,
      1.1087969601154328,
      1.0981259608268739,
      1.1124662792682647,
      1.1019615244865417,
      1.0770439940690995,
      1.0837762427330018,
      1.0574736469984054,
      1.0569659441709518,
      1.0496487283706666,
      1.051612839102745,
      1.0247082352638244,
      1.029525911808014,
      1.0165264576673507,
      1.0166798847913743,
      1.0161372870206833,
      0.9889243447780609,
      0.9942601811885834,
      1.0123114168643952,
      0.991321930885315,
      0.9895774781703949,
      0.9666718143224716,
      0.9620935881137848,
      0.9618141651153564,
      0.940699919462204,
      0.9646527719497681,
      0.9449959772825242,
      0.9283103621006012,
      0.9249413859844208,
      0.9448882162570953,
      0.9444933563470841,
      0.924942466020584,
      0.9423081433773041,
      0.9355022066831589
    ],
    "train_acc": [
      16.9765625,
      27.4296875,
      32.046875,
      34.8359375,
      37.1484375,
      39.140625,
      40.9375,
      41.3203125,
      43.90625,
      44.3671875,
      45.5625,
      46.03125,
      48.015625,
      48.6171875,
      49.75,
      50.609375,
      51.171875,
      51.6640625,
      54.2265625,
      54.4296875,
      54.046875,
      54.3359375,
      55.6171875,
      56.7265625,
      56.5859375,
      57.265625,
      57.2734375,
      57.9296875,
      58.015625,
      59.09375,
      59.3125,
      59.9375,
      60.46875,
      61.15625,
      60.1640625,
      60.3671875,
      61.8203125,
      61.453125,
      61.9609375,
      62.328125,
      62.2109375,
      62.4453125,
      64.09375,
      63.546875,
      63.78125,
      63.6796875,
      63.796875,
      64.3828125,
      65.0,
      63.59375,
      65.0625,
      64.5625,
      65.609375,
      66.0546875,
      65.6171875,
      66.3359375,
      65.5625,
      66.296875,
      67.0,
      67.1328125,
      66.6875,
      66.296875,
      67.296875,
      66.484375,
      66.421875
    ],
    "test_loss": [
      2.042982258796692,
      1.8758724272251128,
      1.7951260483264924,
      1.7954997086524964,
      1.6310673666000366,
      1.624325726032257,
      1.5794999933242797,
      1.5312018477916718,
      1.4699436831474304,
      1.4874024593830109,
      1.4199322080612182,
      1.4289565193653107,
      1.434914699792862,
      1.3355802202224731,
      1.325513515472412,
      1.365565950870514,
      1.2782326984405517,
      1.3119636714458465,
      1.2622268617153167,
      1.2380424970388413,
      1.2667377364635468,
      1.2340253120660782,
      1.2082102102041246,
      1.1931778055429458,
      1.1819851130247117,
      1.1674880415201188,
      1.186281766295433,
      1.184068225622177,
      1.1723652541637422,
      1.1780241417884827,
      1.1685427594184876,
      1.130135283470154,
      1.16006638109684,
      1.1050466394424439,
      1.094090115427971,
      1.0990888971090316,
      1.1464318430423737,
      1.0949460923671723,
      1.0686610305309296,
      1.082541583776474,
      1.0946592313051224,
      1.055988227725029,
      1.0732296854257584,
      1.039143927693367,
      1.0384436750411987,
      1.0291620647907258,
      1.0281731104850769,
      1.0298805332183838,
      1.030847550034523,
      1.0549062168598176,
      1.0201804560422898,
      1.0015058940649033,
      1.0063097667694092,
      1.0127566105127335,
      1.0319980955123902,
      1.0046944242715836,
      1.0419298630952836,
      0.9986760711669922,
      0.9669572001695633,
      0.9876903343200684,
      0.9945115965604782,
      0.9774404168128967,
      0.9856986528635026,
      1.0495664227008819,
      0.9595266735553741
    ],
    "test_acc": [
      24.84375,
      31.96875,
      33.75,
      34.21875,
      39.0,
      40.5625,
      40.40625,
      41.78125,
      46.125,
      45.125,
      48.5625,
      47.5,
      47.84375,
      51.40625,
      52.0,
      50.46875,
      53.34375,
      52.03125,
      54.96875,
      55.4375,
      53.9375,
      55.375,
      56.21875,
      56.625,
      56.59375,
      57.09375,
      57.03125,
      56.21875,
      57.375,
      57.09375,
      57.21875,
      58.65625,
      57.5625,
      60.28125,
      60.5,
      60.40625,
      59.4375,
      61.84375,
      61.375,
      61.15625,
      61.28125,
      62.4375,
      61.59375,
      62.53125,
      62.65625,
      64.1875,
      63.5625,
      62.40625,
      63.71875,
      62.125,
      64.125,
      64.40625,
      63.96875,
      64.09375,
      63.46875,
      64.71875,
      62.46875,
      64.46875,
      66.65625,
      65.5625,
      64.59375,
      65.84375,
      65.03125,
      62.4375,
      65.96875
    ]
  }
}