{
  "config": {
    "run_name": "exp1_2_L4_K32",
    "out_dir": "./results",
    "seed": 1821960988,
    "device": null,
    "bs_train": 128,
    "bs_test": 32,
    "batches": 100,
    "epochs": 100,
    "early_stopping": 6,
    "checkpoints": null,
    "lr": 0.001,
    "reg": 0.001,
    "filters_per_layer": [
      32
    ],
    "layers_per_block": 4,
    "pool_every": 4,
    "hidden_dims": [
      100
    ],
    "model_type": "cnn",
    "kw": {}
  },
  "results": {
    "num_epochs": 35,
    "train_loss": [
      1.9799889481067658,
      1.6384035813808442,
      1.5437586903572083,
      1.4249065899848938,
      1.3285148239135742,
      1.2694610893726348,
      1.2236682695150376,
      1.1656449913978577,
      1.1430638945102691,
      1.102206401824951,
      1.0632067281007767,
      1.016586737036705,
      0.9944205433130264,
      0.9552371966838836,
      0.9255677109956741,
      0.9060355055332184,
      0.8734361046552658,
      0.8553179371356964,
      0.8365121614933014,
      0.823561275601387,
      0.7875625157356262,
      0.7629450207948685,
      0.7521553045511246,
      0.7280050951242447,
      0.7005286905169487,
      0.6845787179470062,
      0.6863353657722473,
      0.6604748597741127,
      0.640223346054554,
      0.6238773891329765,
      0.610927796959877,
      0.5838122895359993,
      0.5592071557044983,
      0.5442035457491875,
      0.5583541941642761
    ],
    "train_acc": [
      26.8515625,
      40.46875,
      43.8671875,
      48.9765625,
      52.671875,
      54.7109375,
      56.3671875,
      58.3828125,
      59.21875,
      60.4140625,
      62.3984375,
      63.8828125,
      65.171875,
      66.2421875,
      67.4453125,
      67.9921875,
      69.6640625,
      69.890625,
      70.765625,
      71.296875,
      72.7890625,
      73.21875,
      73.4453125,
      74.796875,
      75.484375,
      76.234375,
      75.75,
      76.8046875,
      77.9140625,
      78.421875,
      78.8515625,
      79.8515625,
      80.828125,
      81.1796875,
      80.7421875
    ],
    "test_loss": [
      1.7262117183208465,
      1.5242513704299927,
      1.4570312809944153,
      1.3659619760513306,
      1.2955559545755386,
      1.314277834892273,
      1.2102768713235854,
      1.239633772969246,
      1.2363520491123199,
      1.158869754076004,
      1.1399994122982025,
      1.0903271538019181,
      1.0933747678995132,
      1.0833401983976365,
      1.062483724951744,
      1.0747035282850266,
      1.0439262914657592,
      1.0871181428432464,
      1.0743303430080413,
      1.0566623830795288,
      1.018724454641342,
      1.0405827957391738,
      1.0547854602336884,
      1.0636863672733308,
      1.0704829102754594,
      1.0566036468744278,
      1.0722605872154236,
      1.0582638686895371,
      1.043359434902668,
      1.1093782824277878,
      1.091346302628517,
      1.1141596928238868,
      1.0931470423936844,
      1.1702093529701232,
      1.1329088711738586
    ],
    "test_acc": [
      37.8125,
      45.21875,
      47.40625,
      50.8125,
      52.625,
      53.0,
      56.625,
      55.5625,
      56.9375,
      57.90625,
      59.28125,
      60.5,
      61.34375,
      61.40625,
      62.0,
      62.84375,
      62.96875,
      62.9375,
      62.15625,
      62.84375,
      64.40625,
      63.15625,
      63.0,
      63.375,
      62.65625,
      63.75,
      64.4375,
      64.6875,
      64.96875,
      64.1875,
      64.3125,
      63.5625,
      64.75,
      62.625,
      63.0625
    ]
  }
}