{
  "config": {
    "run_name": "exp1_2_L8_K128",
    "out_dir": "./results",
    "seed": 481583823,
    "device": null,
    "bs_train": 128,
    "bs_test": 32,
    "batches": 100,
    "epochs": 100,
    "early_stopping": 6,
    "checkpoints": null,
    "lr": 0.001,
    "reg": 0.001,
    "filters_per_layer": [
      128
    ],
    "layers_per_block": 8,
    "pool_every": 4,
    "hidden_dims": [
      100
    ],
    "model_type": "cnn",
    "kw": {}
  },
  "results": {
    "num_epochs": 16,
    "train_loss": [
      2.3048303842544557,
      2.3032170128822327,
      2.302858757972717,
      2.302782711982727,
      2.3028048205375673,
      2.3028447318077085,
      2.302642903327942,
      2.3028092217445373,
      2.3027190279960634,
      2.302624371051788,
      2.3027442502975464,
      2.3024543809890745,
      2.3027338075637815,
      2.302556779384613,
      2.302685079574585,
      2.302753174304962
    ],
    "train_acc": [
      10.046875,
      9.9140625,
      10.3203125,
      10.4921875,
      9.703125,
      9.578125,
      10.234375,
      9.765625,
      9.8671875,
      10.1484375,
      9.921875,
      10.34375,
      9.765625,
      9.8359375,
      9.796875,
      9.8203125
    ],
    "test_loss": [
      2.3034565019607545,
      2.3033284759521484,
      2.303201096057892,
      2.303173360824585,
      2.30281733751297,
      2.30273095369339,
      2.302891137599945,
      2.302689850330353,
      2.3026110792160033,
      2.302624294757843,
      2.3026126170158387,
      2.30273738861084,
      2.302813801765442,
      2.302870466709137,
      2.3029221749305724,
      2.302882432937622
    ],
    "test_acc": [
      9.625,
      9.625,
      9.65625,
      9.65625,
      9.75,
      9.75,
      9.84375,
      9.75,
      9.65625,
      10.5,
      9.75,
      9.84375,
      9.75,
      9.75,
      9.84375,
      9.84375
    ]
  }
}