{
  "config": {
    "run_name": "exp1_4_L4_K64-128-256",
    "out_dir": "./results",
    "seed": 1690041226,
    "device": null,
    "bs_train": 128,
    "bs_test": 32,
    "batches": 100,
    "epochs": 100,
    "early_stopping": 6,
    "checkpoints": null,
    "lr": 0.001,
    "reg": 0.001,
    "filters_per_layer": [
      64,
      128,
      256
    ],
    "layers_per_block": 4,
    "pool_every": 8,
    "hidden_dims": [
      100
    ],
    "model_type": "resnet",
    "kw": {}
  },
  "results": {
    "num_epochs": 37,
    "train_loss": [
      1.9834475016593933,
      1.5812324810028076,
      1.4497701740264892,
      1.3920457482337951,
      1.3361733388900756,
      1.2778537249565125,
      1.2521537351608276,
      1.2165595775842666,
      1.1610235357284546,
      1.1416830128431321,
      1.1250073331594468,
      1.0800252151489258,
      1.0624883741140365,
      1.0319613367319107,
      0.9989011198282242,
      0.9787683051824569,
      0.9596129423379898,
      0.9278990131616592,
      0.9026061850786209,
      0.8758137607574463,
      0.8329681408405304,
      0.8333756667375565,
      0.816307093501091,
      0.7932043778896332,
      0.7860219329595566,
      0.7648387837409973,
      0.7259045249223709,
      0.7391441303491593,
      0.7105543327331543,
      0.6863240545988083,
      0.6635750794410705,
      0.6851830089092255,
      0.6450971484184265,
      0.6562720993161202,
      0.6304907637834549,
      0.6239314168691635,
      0.5955709451436997
    ],
    "train_acc": [
      27.671875,
      43.1015625,
      47.9921875,
      49.453125,
      51.859375,
      54.1953125,
      54.9375,
      56.0234375,
      58.8203125,
      59.203125,
      60.171875,
      61.65625,
      62.2265625,
      63.9921875,
      64.3515625,
      65.203125,
      66.4765625,
      67.078125,
      68.5078125,
      69.53125,
      70.6328125,
      70.4921875,
      71.0078125,
      72.1484375,
      73.015625,
      73.3125,
      74.9296875,
      74.2578125,
      75.4296875,
      76.0390625,
      76.7890625,
      75.609375,
      77.9375,
      77.34375,
      78.5859375,
      78.5390625,
      79.234375
    ],
    "test_loss": [
      1.6629116320610047,
      1.4668415570259095,
      1.3924029135704041,
      1.3556375485658645,
      1.305109177827835,
      1.277942076921463,
      1.2314083313941955,
      1.2176744455099107,
      1.158152329325676,
      1.2141367721557617,
      1.1373839300870896,
      1.1374831080436707,
      1.0937009364366532,
      1.109984421133995,
      1.0361961436271667,
      1.021565929055214,
      1.0068930864334107,
      0.9866507834196091,
      0.9780229437351227,
      0.9713762384653092,
      0.9657086363434791,
      0.9338071763515472,
      0.9203518652915954,
      0.9486757150292396,
      0.9217774069309235,
      0.9020110687613487,
      0.9248202702403069,
      0.901110867857933,
      0.9034864091873169,
      0.9145581498742104,
      0.8687331712245941,
      0.9674184867739677,
      0.8950485470890999,
      0.9022838771343231,
      0.9039247292280197,
      0.9019357907772064,
      0.8906059339642525
    ],
    "test_acc": [
      39.34375,
      47.03125,
      49.53125,
      50.40625,
      52.875,
      54.0625,
      55.625,
      56.15625,
      58.78125,
      57.90625,
      59.84375,
      59.78125,
      61.21875,
      60.875,
      63.03125,
      63.9375,
      63.6875,
      64.875,
      64.84375,
      66.0,
      65.65625,
      67.53125,
      68.53125,
      66.875,
      68.5625,
      68.34375,
      69.0,
      69.3125,
      69.375,
      68.96875,
      70.84375,
      66.5625,
      69.0625,
      69.5625,
      69.125,
      69.0,
      69.6875
    ]
  }
}