{
  "config": {
    "run_name": "exp1_1_L2_K32",
    "out_dir": "./results",
    "seed": 527404100,
    "device": null,
    "bs_train": 128,
    "bs_test": 32,
    "batches": 100,
    "epochs": 100,
    "early_stopping": 6,
    "checkpoints": null,
    "lr": 0.001,
    "reg": 0.001,
    "filters_per_layer": [
      32
    ],
    "layers_per_block": 2,
    "pool_every": 4,
    "hidden_dims": [
      100
    ],
    "model_type": "cnn",
    "kw": {}
  },
  "results": {
    "num_epochs": 34,
    "train_loss": [
      1.8164726054668427,
      1.4695651566982268,
      1.3526518666744232,
      1.2753607666492461,
      1.2190375411510468,
      1.1821612346172332,
      1.149400042295456,
      1.1064642530679702,
      1.0733312004804612,
      1.0257032352685929,
      1.0058643209934235,
      0.9851283037662506,
      0.9621751004457474,
      0.9319367200136185,
      0.922519987821579,
      0.8931880164146423,
      0.878197609782219,
      0.8752381455898285,
      0.8295115149021148,
      0.8429047083854675,
      0.8067875522375106,
      0.8005502951145173,
      0.7952840703725815,
      0.7773763501644134,
      0.7530766189098358,
      0.7484438335895538,
      0.7360536885261536,
      0.7393332380056381,
      0.7066162347793579,
      0.6916960120201111,
      0.6766539013385773,
      0.6652305129170418,
      0.6679687744379044,
      0.6494394928216934
    ],
    "train_acc": [
      34.5234375,
      47.296875,
      51.6015625,
      54.421875,
      56.9609375,
      57.8984375,
      59.75,
      61.0859375,
      62.03125,
      64.0078125,
      64.375,
      64.9375,
      66.3984375,
      67.6875,
      67.8046875,
      69.3125,
      69.703125,
      69.7265625,
      71.4296875,
      70.9921875,
      72.2109375,
      72.5390625,
      72.125,
      72.8671875,
      73.9375,
      74.5078125,
      74.78125,
      74.640625,
      75.671875,
      76.765625,
      77.09375,
      77.5546875,
      77.0703125,
      77.75
    ],
    "test_loss": [
      1.5457308995723724,
      1.4018097877502442,
      1.3135562735795974,
      1.2534563601017,
      1.199220905303955,
      1.2085877454280853,
      1.2019976878166199,
      1.1529246252775192,
      1.185358150601387,
      1.1730916088819503,
      1.1083729642629623,
      1.0641482263803481,
      1.1042348712682724,
      1.0567506009340286,
      1.0487617987394333,
      1.0551056724786758,
      1.0410516381263732,
      1.0516471910476684,
      1.0425716906785965,
      1.0371337592601777,
      1.0077599036693572,
      1.0278123760223388,
      1.0647638517618179,
      1.023408681154251,
      1.0416576337814332,
      1.041585039496422,
      1.0277324384450912,
      1.0107564985752107,
      1.0545303308963776,
      1.0619273948669434,
      1.0539272183179855,
      1.0800785234570502,
      1.0519736155867576,
      1.0689188534021377
    ],
    "test_acc": [
      44.34375,
      48.15625,
      52.84375,
      54.90625,
      56.90625,
      56.6875,
      58.3125,
      59.25,
      58.46875,
      58.59375,
      60.96875,
      61.96875,
      61.6875,
      61.6875,
      63.21875,
      63.03125,
      63.40625,
      62.96875,
      62.875,
      63.71875,
      64.0,
      63.34375,
      63.1875,
      65.09375,
      62.84375,
      63.3125,
      63.8125,
      65.1875,
      63.28125,
      64.3125,
      64.4375,
      63.46875,
      64.5625,
      62.9375
    ]
  }
}