{
  "config": {
    "run_name": "exp2_L6_K32-64-128",
    "out_dir": "./results",
    "seed": 84747238,
    "device": null,
    "bs_train": 128,
    "bs_test": 32,
    "batches": 100,
    "epochs": 100,
    "early_stopping": 6,
    "checkpoints": null,
    "lr": 0.001,
    "reg": 0.001,
    "filters_per_layer": [
      32,
      64,
      128
    ],
    "layers_per_block": 6,
    "pool_every": 8,
    "hidden_dims": [
      100
    ],
    "model_type": "yourcnn",
    "kw": {}
  },
  "results": {
    "num_epochs": 36,
    "train_loss": [
      2.1519736313819884,
      1.8803381645679473,
      1.7306711530685426,
      1.638902394771576,
      1.5693110227584839,
      1.5257466864585876,
      1.4736224842071532,
      1.4162259435653686,
      1.3763649022579194,
      1.3474517524242402,
      1.2951541101932527,
      1.2450841605663299,
      1.2356610900163651,
      1.1953509575128556,
      1.1690485203266143,
      1.1226518017053604,
      1.104708948135376,
      1.0613901114463806,
      1.0408482801914216,
      1.0130836582183838,
      0.9678522551059723,
      0.9545608860254288,
      0.9353172147274017,
      0.921247565150261,
      0.9031590735912323,
      0.8782346749305725,
      0.8627299946546555,
      0.8388887697458267,
      0.8367447078227996,
      0.8270745396614074,
      0.7932402008771896,
      0.7930878210067749,
      0.7810807830095291,
      0.7695225393772125,
      0.7826509231328964,
      0.7473309195041656
    ],
    "train_acc": [
      21.203125,
      30.3828125,
      36.6328125,
      40.1796875,
      42.2890625,
      43.9296875,
      45.7578125,
      48.296875,
      50.0,
      51.1640625,
      53.109375,
      55.1953125,
      56.3984375,
      57.265625,
      57.7109375,
      59.5859375,
      60.78125,
      62.140625,
      63.2109375,
      64.265625,
      65.8515625,
      66.640625,
      66.546875,
      67.5546875,
      68.125,
      69.46875,
      69.8203125,
      70.640625,
      70.671875,
      71.1875,
      71.8515625,
      72.3359375,
      72.234375,
      72.828125,
      73.0234375,
      73.6953125
    ],
    "test_loss": [
      1.9968672621250152,
      1.7244447040557862,
      1.6057765889167785,
      1.5313659620285034,
      1.5261224281787873,
      1.438027049303055,
      1.3883960157632829,
      1.3931280481815338,
      1.3627166265249253,
      1.2986219877004623,
      1.2416720294952392,
      1.301782369017601,
      1.1555037486553192,
      1.144147492647171,
      1.1006938219070435,
      1.112234291434288,
      1.0727964490652084,
      1.0875839227437973,
      1.0959224981069564,
      1.001922134757042,
      1.0083370834589005,
      0.9994772273302078,
      0.9831132799386978,
      0.9576722079515457,
      0.9134967878460885,
      0.9349514982104301,
      0.9491135549545288,
      0.9781560868024826,
      0.9012763357162475,
      0.860330943763256,
      0.8812686508893967,
      0.8841178596019745,
      0.896555500626564,
      0.9172196173667908,
      0.942265165746212,
      0.8863071593642234
    ],
    "test_acc": [
      26.03125,
      36.5,
      41.4375,
      44.71875,
      43.84375,
      48.90625,
      50.0,
      50.6875,
      51.5,
      53.28125,
      54.5,
      53.5625,
      59.375,
      58.78125,
      60.46875,
      60.625,
      61.90625,
      62.28125,
      60.3125,
      64.6875,
      64.28125,
      64.5,
      65.34375,
      66.65625,
      67.25,
      67.5625,
      66.75,
      66.90625,
      67.8125,
      69.6875,
      69.625,
      69.53125,
      68.9375,
      68.03125,
      67.65625,
      68.125
    ]
  }
}