{
  "config": {
    "run_name": "exp2_L9_K32-64-128",
    "out_dir": "./results",
    "seed": 558059989,
    "device": null,
    "bs_train": 128,
    "bs_test": 32,
    "batches": 100,
    "epochs": 100,
    "early_stopping": 6,
    "checkpoints": null,
    "lr": 0.001,
    "reg": 0.001,
    "filters_per_layer": [
      32,
      64,
      128
    ],
    "layers_per_block": 9,
    "pool_every": 8,
    "hidden_dims": [
      100
    ],
    "model_type": "yourcnn",
    "kw": {}
  },
  "results": {
    "num_epochs": 56,
    "train_loss": [
      2.1762852776050567,
      1.9075588726997375,
      1.768083233833313,
      1.6932153940200805,
      1.6410308504104614,
      1.5991311550140381,
      1.5524165201187134,
      1.51720099568367,
      1.497480753660202,
      1.4356154417991638,
      1.4114645254611968,
      1.398074231147766,
      1.3498562371730805,
      1.3086709141731263,
      1.287868766784668,
      1.2468623685836793,
      1.2047752988338472,
      1.1661924034357072,
      1.1565402925014496,
      1.123288232088089,
      1.0917754739522934,
      1.082197790145874,
      1.0701701974868774,
      1.0494519942998886,
      1.0113696950674056,
      1.0137981569766998,
      0.9940462905168533,
      0.9696100974082946,
      0.9471120059490203,
      0.9404805880784989,
      0.9272337371110916,
      0.9083029514551163,
      0.8937444645166397,
      0.891625896692276,
      0.8918954062461854,
      0.8673729997873306,
      0.8594142693281174,
      0.8550363713502884,
      0.8547800248861313,
      0.8428773313760758,
      0.8087063354253768,
      0.8344917529821396,
      0.8115675723552704,
      0.7890756154060363,
      0.8223175787925721,
      0.8162783789634704,
      0.7818237817287446,
      0.7878730404376983,
      0.7769967186450958,
      0.7644487768411636,
      0.7749069666862488,
      0.7645053786039352,
      0.7593342506885529,
      0.7464736336469651,
      0.7420360511541366,
      0.7408709353208542
    ],
    "train_acc": [
      17.453125,
      28.078125,
      34.4765625,
      37.15625,
      40.296875,
      41.109375,
      42.859375,
      43.8671875,
      44.953125,
      47.640625,
      48.09375,
      49.5625,
      50.8125,
      52.6640625,
      53.7265625,
      54.984375,
      56.6328125,
      58.3359375,
      59.4296875,
      60.15625,
      61.125,
      61.9609375,
      61.3984375,
      62.984375,
      64.2109375,
      63.640625,
      64.96875,
      65.734375,
      66.6015625,
      66.8046875,
      67.015625,
      67.6875,
      68.2734375,
      68.3515625,
      68.8046875,
      69.40625,
      69.859375,
      70.2890625,
      69.640625,
      70.3984375,
      71.6171875,
      70.96875,
      71.53125,
      72.453125,
      71.2578125,
      71.0703125,
      72.84375,
      72.1875,
      72.703125,
      72.609375,
      72.6015625,
      73.0390625,
      73.5703125,
      74.125,
      73.65625,
      73.6328125
    ],
    "test_loss": [
      2.022669035196304,
      1.7442300963401793,
      1.6468424713611602,
      1.6043932032585144,
      1.5051648890972138,
      1.596598298549652,
      1.4322434413433074,
      1.6217607212066651,
      1.3589136385917664,
      1.323293266892433,
      1.305871423482895,
      1.2654866760969161,
      1.2508325898647308,
      1.2418019241094589,
      1.209896414875984,
      1.281135601401329,
      1.11709714114666,
      1.1376371276378632,
      1.0897082096338273,
      1.1664405316114426,
      1.0149782687425613,
      1.0889962124824524,
      1.086938628554344,
      1.0023424285650253,
      0.9885308706760406,
      0.9491067284345627,
      1.0239075458049773,
      0.9790978652238845,
      0.9332027807831764,
      0.9901285290718078,
      0.9435718822479248,
      0.9459256300330162,
      0.9054289135336876,
      0.9133709070086479,
      0.9829410594701767,
      0.9014678192138672,
      0.8762132725119591,
      0.929364969432354,
      0.8473678293824196,
      0.8697078758478165,
      0.8730581492185593,
      0.86269636541605,
      0.8384041544795037,
      0.8396356025338173,
      0.9085909798741341,
      0.8630836248397827,
      0.857305956184864,
      0.8546661892533303,
      0.8015682846307755,
      0.7879407054185867,
      0.7951290503144264,
      0.8111429214477539,
      0.8030881494283676,
      0.8047605654597283,
      0.8037111255526542,
      0.8457332399487495
    ],
    "test_acc": [
      25.34375,
      36.75,
      40.0625,
      41.75,
      44.53125,
      41.46875,
      47.5625,
      43.90625,
      50.78125,
      51.5625,
      52.25,
      53.34375,
      54.59375,
      54.6875,
      55.53125,
      55.09375,
      59.375,
      58.75,
      60.28125,
      59.1875,
      63.1875,
      60.4375,
      61.96875,
      64.75,
      65.25,
      66.8125,
      63.96875,
      65.53125,
      67.1875,
      65.6875,
      67.25,
      66.96875,
      68.84375,
      67.75,
      65.96875,
      68.96875,
      69.34375,
      67.0625,
      70.75,
      68.9375,
      69.375,
      69.84375,
      70.875,
      70.53125,
      68.375,
      69.875,
      69.78125,
      69.6875,
      72.03125,
      72.6875,
      71.8125,
      71.90625,
      72.03125,
      71.65625,
      72.34375,
      71.0625
    ]
  }
}