{
  "config": {
    "run_name": "exp2_L12_K32-64-128",
    "out_dir": "./results",
    "seed": 1930498761,
    "device": null,
    "bs_train": 128,
    "bs_test": 32,
    "batches": 100,
    "epochs": 100,
    "early_stopping": 6,
    "checkpoints": null,
    "lr": 0.001,
    "reg": 0.001,
    "filters_per_layer": [
      32,
      64,
      128
    ],
    "layers_per_block": 12,
    "pool_every": 8,
    "hidden_dims": [
      100
    ],
    "model_type": "yourcnn",
    "kw": {}
  },
  "results": {
    "num_epochs": 61,
    "train_loss": [
      2.1985023510456085,
      2.0006450068950654,
      1.9269261741638184,
      1.8337913286685943,
      1.7771801662445068,
      1.7355929017066956,
      1.700014568567276,
      1.6575768613815307,
      1.6221122205257417,
      1.6000384509563446,
      1.5335693919658662,
      1.516646864414215,
      1.481087441444397,
      1.447719066143036,
      1.4330641734600067,
      1.394446816444397,
      1.3800810062885285,
      1.3460436737537385,
      1.3313863205909728,
      1.2810043251514436,
      1.2711721742153168,
      1.2476852345466614,
      1.25190194606781,
      1.2089485734701158,
      1.1972627079486846,
      1.1742340689897537,
      1.1858415526151658,
      1.1544552755355835,
      1.1334758651256562,
      1.1418972313404083,
      1.109092160463333,
      1.1050699454545976,
      1.0918230408430099,
      1.090564883351326,
      1.0542407411336898,
      1.0410664534568788,
      1.046072665452957,
      1.0332404088973999,
      1.0205473619699479,
      1.0219712978601456,
      1.0043671929836273,
      1.0158551830053328,
      0.9896890109777451,
      1.006953689455986,
      0.9896516799926758,
      0.9794583076238632,
      0.9595631915330887,
      0.956397055387497,
      0.9478220152854919,
      0.9346911191940308,
      0.9380041944980622,
      0.9510290521383286,
      0.9374135118722916,
      0.919279489517212,
      0.9287879198789597,
      0.912000121474266,
      0.9182969564199448,
      0.9035345703363419,
      0.9019515973329544,
      0.8923751068115234,
      0.8874461859464645
    ],
    "train_acc": [
      16.5078125,
      23.0546875,
      26.453125,
      30.7421875,
      32.640625,
      35.03125,
      36.171875,
      38.5078125,
      40.546875,
      40.328125,
      43.5234375,
      43.9375,
      45.8203125,
      47.1953125,
      47.3671875,
      49.65625,
      49.703125,
      50.9296875,
      51.7890625,
      54.34375,
      53.875,
      55.0,
      54.9921875,
      56.4453125,
      56.84375,
      57.7890625,
      57.3828125,
      58.984375,
      59.8671875,
      59.2265625,
      60.03125,
      60.9296875,
      60.640625,
      61.2265625,
      62.0078125,
      63.1015625,
      62.546875,
      63.046875,
      63.234375,
      63.6328125,
      64.3515625,
      63.8828125,
      65.0390625,
      64.5546875,
      64.6875,
      64.796875,
      65.640625,
      66.640625,
      66.46875,
      66.578125,
      66.7109375,
      65.875,
      66.765625,
      67.71875,
      67.0078125,
      67.609375,
      67.6875,
      68.3203125,
      67.9609375,
      68.546875,
      67.921875
    ],
    "test_loss": [
      2.055117197036743,
      1.9461182868480682,
      1.8456487786769866,
      1.790501308441162,
      1.7242214965820313,
      1.690652937889099,
      1.613169515132904,
      1.5700864863395692,
      1.5568091583251953,
      1.488958330154419,
      1.4615674555301665,
      1.4708644127845765,
      1.3490817445516585,
      1.3911543905735015,
      1.3057256865501403,
      1.3228461050987244,
      1.3068433618545532,
      1.325331369638443,
      1.2298502105474471,
      1.230253220796585,
      1.1680292481184005,
      1.192467610836029,
      1.1353852534294129,
      1.0991587096452713,
      1.1393709111213683,
      1.1308205139636993,
      1.152810762524605,
      1.1245272803306579,
      1.0882746481895447,
      1.0482228124141693,
      1.036730564236641,
      1.0429947805404662,
      1.0122759479284287,
      1.0152223265171052,
      0.9949333238601684,
      0.9828604221343994,
      0.991435055732727,
      0.9690196996927262,
      0.9672201085090637,
      0.9574435740709305,
      0.9308284312486649,
      0.9848356992006302,
      0.9266067999601364,
      0.939832279086113,
      0.982336168885231,
      0.9271984830498695,
      0.9415886390209198,
      0.9194563800096511,
      0.9304870873689651,
      0.9179285818338394,
      0.9385990005731583,
      0.9123919892311096,
      0.8983209294080734,
      0.8871468818187713,
      0.8555016440153121,
      0.9043044000864029,
      0.8721695280075074,
      0.8954954928159714,
      0.8942469894886017,
      0.8708628553152085,
      0.8982678729295731
    ],
    "test_acc": [
      24.625,
      25.375,
      31.84375,
      32.4375,
      35.6875,
      36.59375,
      40.5625,
      42.15625,
      43.25,
      45.1875,
      46.84375,
      46.375,
      51.375,
      48.46875,
      52.15625,
      53.0,
      52.25,
      51.34375,
      55.21875,
      55.3125,
      58.21875,
      56.09375,
      59.375,
      60.625,
      59.4375,
      59.25,
      59.46875,
      58.90625,
      60.84375,
      61.8125,
      63.5625,
      62.65625,
      64.125,
      63.875,
      65.125,
      64.78125,
      64.0,
      65.78125,
      66.375,
      66.5,
      66.75,
      64.65625,
      67.40625,
      66.625,
      64.875,
      66.375,
      66.375,
      67.75,
      66.25,
      67.21875,
      66.375,
      67.46875,
      68.34375,
      69.0625,
      69.3125,
      68.375,
      68.5,
      68.25,
      68.28125,
      69.25,
      68.84375
    ]
  }
}