{
  "config": {
    "run_name": "exp1_2_L4_K64",
    "out_dir": "./results",
    "seed": 1306564877,
    "device": null,
    "bs_train": 128,
    "bs_test": 32,
    "batches": 100,
    "epochs": 100,
    "early_stopping": 6,
    "checkpoints": null,
    "lr": 0.001,
    "reg": 0.001,
    "filters_per_layer": [
      64
    ],
    "layers_per_block": 4,
    "pool_every": 4,
    "hidden_dims": [
      100
    ],
    "model_type": "cnn",
    "kw": {}
  },
  "results": {
    "num_epochs": 28,
    "train_loss": [
      1.9701990032196044,
      1.6257776057720184,
      1.483556979894638,
      1.3519843482971192,
      1.271019823551178,
      1.2087657594680785,
      1.1668894064426423,
      1.1187966609001159,
      1.0747053110599518,
      1.0606389880180358,
      1.0050971376895905,
      0.957241171002388,
      0.9290750485658645,
      0.8902910047769547,
      0.8546936655044556,
      0.8104989844560623,
      0.7808885908126831,
      0.7768729382753372,
      0.7283260947465897,
      0.7089298617839813,
      0.6737992238998413,
      0.6640370443463326,
      0.6285432660579682,
      0.6228509908914566,
      0.5904795899987221,
      0.5472041711211204,
      0.5351724368333817,
      0.5303155198693276
    ],
    "train_acc": [
      27.15625,
      40.9453125,
      45.671875,
      51.2109375,
      55.03125,
      56.9140625,
      58.2265625,
      60.390625,
      62.1953125,
      62.546875,
      64.6171875,
      65.6953125,
      66.7421875,
      69.1015625,
      70.3046875,
      71.625,
      73.0078125,
      73.0859375,
      74.359375,
      75.609375,
      76.7109375,
      77.140625,
      78.140625,
      78.3984375,
      79.9296875,
      81.5390625,
      81.6484375,
      82.046875
    ],
    "test_loss": [
      1.7437218475341796,
      1.4958357524871826,
      1.3984229004383086,
      1.294103310108185,
      1.2407105094194413,
      1.2315321218967439,
      1.1902095979452134,
      1.1199927127361298,
      1.1312272518873214,
      1.1088554286956787,
      1.060617686510086,
      1.0003171575069427,
      1.0144536578655243,
      1.009732169508934,
      0.9988644647598267,
      1.0118429476022721,
      0.96183613717556,
      0.9666405838727951,
      1.0409987872838975,
      1.0487218177318574,
      0.98894788980484,
      0.9667047926783562,
      0.9924864202737809,
      1.0470600217580794,
      0.986065978705883,
      0.9908072432875633,
      1.0324580490589141,
      1.064003540277481
    ],
    "test_acc": [
      38.65625,
      46.34375,
      50.0,
      53.96875,
      55.625,
      55.90625,
      57.28125,
      59.21875,
      59.09375,
      60.875,
      63.0,
      64.34375,
      63.3125,
      64.1875,
      64.25,
      63.625,
      66.0625,
      66.65625,
      64.5625,
      64.375,
      66.5625,
      67.59375,
      65.8125,
      66.03125,
      67.125,
      66.1875,
      66.75,
      65.46875
    ]
  }
}