{
  "config": {
    "run_name": "exp1_2_L8_K64",
    "out_dir": "./results",
    "seed": 665752730,
    "device": null,
    "bs_train": 128,
    "bs_test": 32,
    "batches": 100,
    "epochs": 100,
    "early_stopping": 6,
    "checkpoints": null,
    "lr": 0.001,
    "reg": 0.001,
    "filters_per_layer": [
      64
    ],
    "layers_per_block": 8,
    "pool_every": 4,
    "hidden_dims": [
      100
    ],
    "model_type": "cnn",
    "kw": {}
  },
  "results": {
    "num_epochs": 10,
    "train_loss": [
      2.303437042236328,
      2.303409605026245,
      2.3031330704689026,
      2.3028373312950134,
      2.302857458591461,
      2.302719306945801,
      2.3028084111213682,
      2.3028121280670164,
      2.3025629329681396,
      2.3028444266319275
    ],
    "train_acc": [
      10.125,
      9.796875,
      9.734375,
      9.828125,
      10.1015625,
      9.9375,
      10.2421875,
      9.4765625,
      10.390625,
      10.15625
    ],
    "test_loss": [
      2.303340768814087,
      2.302995879650116,
      2.302822549343109,
      2.302891433238983,
      2.3026376295089723,
      2.3031321787834167,
      2.3026153445243835,
      2.302837073802948,
      2.3025460052490234,
      2.3027581191062927
    ],
    "test_acc": [
      9.84375,
      9.625,
      9.625,
      10.21875,
      10.21875,
      9.75,
      10.21875,
      10.21875,
      10.21875,
      9.625
    ]
  }
}