{
  "config": {
    "run_name": "exp1_2_L8_K32",
    "out_dir": "./results",
    "seed": 1515567641,
    "device": null,
    "bs_train": 128,
    "bs_test": 32,
    "batches": 100,
    "epochs": 100,
    "early_stopping": 6,
    "checkpoints": null,
    "lr": 0.001,
    "reg": 0.001,
    "filters_per_layer": [
      32
    ],
    "layers_per_block": 8,
    "pool_every": 4,
    "hidden_dims": [
      100
    ],
    "model_type": "cnn",
    "kw": {}
  },
  "results": {
    "num_epochs": 14,
    "train_loss": [
      2.3032871747016905,
      2.3031185245513917,
      2.3029711937904356,
      2.30286817073822,
      2.3027577662467955,
      2.3024648427963257,
      2.3027748823165894,
      2.302903804779053,
      2.3026921010017394,
      2.3027072501182557,
      2.302628855705261,
      2.302901771068573,
      2.3026638650894165,
      2.302704641819
    ],
    "train_acc": [
      9.8984375,
      9.4453125,
      9.9609375,
      9.8203125,
      9.6796875,
      10.5,
      9.84375,
      9.6328125,
      9.8828125,
      10.3203125,
      9.5625,
      9.359375,
      9.703125,
      9.8046875
    ],
    "test_loss": [
      2.3034473562240603,
      2.303054001331329,
      2.3027134132385254,
      2.3027464723587037,
      2.302676055431366,
      2.3026229906082154,
      2.3027351474761963,
      2.3025410676002505,
      2.302639510631561,
      2.3025494623184204,
      2.3026938962936403,
      2.302592716217041,
      2.302489902973175,
      2.302428436279297
    ],
    "test_acc": [
      9.96875,
      10.21875,
      10.21875,
      9.96875,
      9.96875,
      10.21875,
      9.75,
      10.5,
      9.625,
      10.21875,
      9.84375,
      9.84375,
      10.5,
      10.5
    ]
  }
}