{
  "config": {
    "run_name": "exp1_3_L2_K64-128",
    "out_dir": "./results",
    "seed": 2113198363,
    "device": null,
    "bs_train": 128,
    "bs_test": 32,
    "batches": 100,
    "epochs": 100,
    "early_stopping": 3,
    "checkpoints": null,
    "lr": 0.001,
    "reg": 0.001,
    "filters_per_layer": [
      64,
      128
    ],
    "layers_per_block": 2,
    "pool_every": 2,
    "hidden_dims": [
      100
    ],
    "model_type": "cnn",
    "kw": {}
  },
  "results": {
    "num_epochs": 28,
    "train_loss": [
      1.986588749885559,
      1.5977890419960021,
      1.465959597826004,
      1.360818350315094,
      1.2512378942966462,
      1.178633179664612,
      1.1384837132692338,
      1.076571305990219,
      1.012987021803856,
      0.9902756679058075,
      0.9334938329458237,
      0.9051973432302475,
      0.8742703413963318,
      0.8454335397481918,
      0.8269661980867385,
      0.8036830192804336,
      0.7607915741205216,
      0.7497337627410888,
      0.7042806619405746,
      0.7139448744058609,
      0.6636496025323868,
      0.6589572128653526,
      0.6596658638119698,
      0.6316397824883461,
      0.6067368385195732,
      0.5767618227005005,
      0.5660208198428154,
      0.5420323893427849
    ],
    "train_acc": [
      26.53125,
      41.3046875,
      46.1953125,
      50.453125,
      55.1640625,
      58.4375,
      59.5,
      61.359375,
      64.0078125,
      64.65625,
      67.3828125,
      67.703125,
      69.078125,
      69.9296875,
      70.4609375,
      71.9375,
      73.171875,
      73.75,
      75.1953125,
      74.921875,
      76.796875,
      77.03125,
      77.171875,
      78.015625,
      78.4921875,
      79.8515625,
      80.4140625,
      80.96875
    ],
    "test_loss": [
      1.7238727402687073,
      1.521676057577133,
      1.3874155044555665,
      1.3104355436563493,
      1.2239781624078752,
      1.2018409723043442,
      1.1756596511602402,
      1.0773607301712036,
      1.071212950348854,
      1.0145525026321411,
      0.9905814355611802,
      0.9530879694223404,
      0.9289670526981354,
      1.015827106833458,
      0.9247029954195023,
      0.9057669439911842,
      0.9039418709278106,
      0.8635855826735497,
      0.886832050383091,
      0.8402278622984887,
      0.8411272636055946,
      0.9111854684352875,
      0.8193132013082505,
      0.8143051502108574,
      0.8129415386915206,
      0.8430358862876892,
      0.8029667499661446,
      0.8244084870815277
    ],
    "test_acc": [
      36.8125,
      45.0625,
      50.28125,
      52.53125,
      56.375,
      56.4375,
      57.34375,
      61.6875,
      61.71875,
      63.96875,
      65.15625,
      65.46875,
      67.03125,
      64.5,
      67.8125,
      67.21875,
      68.03125,
      69.6875,
      69.1875,
      70.125,
      70.9375,
      68.90625,
      72.09375,
      72.09375,
      72.5,
      72.5,
      72.40625,
      71.75
    ]
  }
}