{
  "config": {
    "run_name": "exp1_3_L3_K64-128",
    "out_dir": "./results",
    "seed": 298669658,
    "device": null,
    "bs_train": 128,
    "bs_test": 32,
    "batches": 100,
    "epochs": 100,
    "early_stopping": 3,
    "checkpoints": null,
    "lr": 0.001,
    "reg": 0.001,
    "filters_per_layer": [
      64,
      128
    ],
    "layers_per_block": 3,
    "pool_every": 2,
    "hidden_dims": [
      100
    ],
    "model_type": "cnn",
    "kw": {}
  },
  "results": {
    "num_epochs": 36,
    "train_loss": [
      2.166711540222168,
      1.9056693315505981,
      1.753156762123108,
      1.6381225430965423,
      1.5679072749614715,
      1.474734834432602,
      1.4225870203971862,
      1.3815225064754486,
      1.3292383670806884,
      1.3017481982707977,
      1.252887998819351,
      1.248713756799698,
      1.2135310822725296,
      1.1661464864015578,
      1.1216674363613128,
      1.0914119470119477,
      1.0575980478525162,
      1.0230514854192734,
      1.0020137095451356,
      0.9639028871059417,
      0.9368327158689499,
      0.9106119573116302,
      0.9132879358530045,
      0.8293955767154694,
      0.8425408434867859,
      0.8157101505994797,
      0.7937803459167481,
      0.7702727955579758,
      0.7871963757276536,
      0.7430973172187805,
      0.7278043740987777,
      0.7258682435750962,
      0.7080165630578995,
      0.6823498234152794,
      0.6804873809218407,
      0.6608320808410645
    ],
    "train_acc": [
      18.4765625,
      30.21875,
      34.859375,
      40.1171875,
      42.4921875,
      45.7265625,
      48.4140625,
      49.7421875,
      52.0859375,
      53.46875,
      54.4765625,
      55.1171875,
      55.8046875,
      58.578125,
      60.0234375,
      61.140625,
      62.671875,
      63.3671875,
      64.3671875,
      65.84375,
      66.8671875,
      67.5546875,
      67.8515625,
      70.9453125,
      70.2734375,
      71.453125,
      72.5390625,
      72.84375,
      72.234375,
      73.6953125,
      74.09375,
      74.3515625,
      75.3515625,
      75.953125,
      76.1484375,
      77.03125
    ],
    "test_loss": [
      1.9677208435535432,
      1.8116600847244262,
      1.6245319283008575,
      1.6120130467414855,
      1.5100916802883149,
      1.449706221818924,
      1.381211364865303,
      1.3514336496591568,
      1.2913256978988648,
      1.2903566747903823,
      1.2474527543783187,
      1.294293303489685,
      1.232164300084114,
      1.1452055650949478,
      1.1658170425891876,
      1.1131704294681548,
      1.1113849651813508,
      1.040553898215294,
      1.0496284186840057,
      1.056505926847458,
      1.016319735646248,
      0.9592646270990371,
      0.9642520117759704,
      0.9481949561834335,
      0.9516405725479126,
      0.9095932227373124,
      0.9094662618637085,
      0.8818327569961548,
      0.9118067944049835,
      0.8523500645160675,
      0.8603646403551102,
      0.8658386188745498,
      0.8105995362997055,
      0.8177867716550827,
      0.8354767173528671,
      0.8658953994512558
    ],
    "test_acc": [
      28.96875,
      33.1875,
      41.34375,
      41.40625,
      46.21875,
      48.0,
      49.78125,
      52.375,
      54.15625,
      53.59375,
      54.90625,
      54.625,
      55.625,
      58.75,
      58.0625,
      59.875,
      60.375,
      62.96875,
      62.4375,
      63.03125,
      64.875,
      66.03125,
      66.375,
      66.4375,
      66.71875,
      67.46875,
      67.65625,
      68.8125,
      67.75,
      70.0,
      69.625,
      69.71875,
      71.3125,
      71.0625,
      70.75,
      69.78125
    ]
  }
}