{
  "config": {
    "run_name": "exp1_2_L2_K128",
    "out_dir": "./results",
    "seed": 690291306,
    "device": null,
    "bs_train": 128,
    "bs_test": 32,
    "batches": 100,
    "epochs": 100,
    "early_stopping": 6,
    "checkpoints": null,
    "lr": 0.001,
    "reg": 0.001,
    "filters_per_layer": [
      128
    ],
    "layers_per_block": 2,
    "pool_every": 4,
    "hidden_dims": [
      100
    ],
    "model_type": "cnn",
    "kw": {}
  },
  "results": {
    "num_epochs": 24,
    "train_loss": [
      1.9631067991256714,
      1.5770650970935822,
      1.5011747038364411,
      1.4572370660305023,
      1.3975065755844116,
      1.3605550277233123,
      1.3329841232299804,
      1.3053648138046265,
      1.2726723396778106,
      1.2468480402231217,
      1.2159129494428635,
      1.2016152822971344,
      1.167674252986908,
      1.15331915974617,
      1.1187595540285111,
      1.1130145728588103,
      1.0853483384847642,
      1.0952313345670701,
      1.0768701004981995,
      1.0495907080173492,
      1.00961834192276,
      1.0200703430175782,
      1.0045044934749603,
      1.014523057937622
    ],
    "train_acc": [
      31.921875,
      43.7578125,
      46.25,
      47.8046875,
      49.859375,
      50.7265625,
      53.0,
      53.9140625,
      54.5390625,
      56.1328125,
      56.3984375,
      56.3671875,
      58.2578125,
      58.765625,
      60.703125,
      61.015625,
      61.3203125,
      61.25,
      61.828125,
      62.3671875,
      63.9453125,
      63.9921875,
      64.453125,
      64.4453125
    ],
    "test_loss": [
      1.6834095072746278,
      1.5435484874248504,
      1.4970449209213257,
      1.4526428163051606,
      1.4056480574607848,
      1.4035095810890197,
      1.3672781693935394,
      1.3158846884965896,
      1.3044809657335281,
      1.2901696795225144,
      1.3144764226675034,
      1.2696978402137757,
      1.2300248527526856,
      1.2429019206762313,
      1.2343410658836365,
      1.208193843960762,
      1.1913164347410201,
      1.1896279054880141,
      1.2050536292791367,
      1.192492243051529,
      1.2139910709857942,
      1.2349038368463516,
      1.2039254879951478,
      1.188348178267479
    ],
    "test_acc": [
      40.625,
      44.6875,
      45.21875,
      48.03125,
      49.625,
      49.4375,
      51.0,
      53.25,
      54.84375,
      54.21875,
      53.03125,
      55.21875,
      56.3125,
      56.625,
      57.15625,
      57.71875,
      58.0625,
      58.78125,
      57.3125,
      57.25,
      57.3125,
      56.125,
      57.375,
      57.375
    ]
  }
}