{
  "config": {
    "run_name": "exp1_2_L4_K128",
    "out_dir": "./results",
    "seed": 47057129,
    "device": null,
    "bs_train": 128,
    "bs_test": 32,
    "batches": 100,
    "epochs": 100,
    "early_stopping": 6,
    "checkpoints": null,
    "lr": 0.001,
    "reg": 0.001,
    "filters_per_layer": [
      128
    ],
    "layers_per_block": 4,
    "pool_every": 4,
    "hidden_dims": [
      100
    ],
    "model_type": "cnn",
    "kw": {}
  },
  "results": {
    "num_epochs": 30,
    "train_loss": [
      1.9899689543247223,
      1.6298357152938843,
      1.4752693593502044,
      1.3730976819992065,
      1.2896684575080872,
      1.213317186832428,
      1.14188620865345,
      1.0971307647228241,
      1.0474623328447341,
      1.0118835401535033,
      0.9645246690511704,
      0.9243031656742096,
      0.8867185318470001,
      0.8451496201753617,
      0.8286123847961426,
      0.769846710562706,
      0.7610364717245102,
      0.7156908863782883,
      0.7052131816744804,
      0.6745155718922615,
      0.6564097467064858,
      0.6156412220001221,
      0.5981525555253029,
      0.5836021789908409,
      0.5482632341980934,
      0.5351688408851624,
      0.5245118001103402,
      0.48565627008676526,
      0.4830584853887558,
      0.4537432219088078
    ],
    "train_acc": [
      26.75,
      40.265625,
      46.640625,
      50.609375,
      53.3671875,
      56.859375,
      59.25,
      61.3984375,
      62.8203125,
      64.609375,
      65.796875,
      67.734375,
      68.421875,
      70.4140625,
      71.0546875,
      72.9609375,
      73.6953125,
      74.9765625,
      75.3984375,
      76.7578125,
      77.1875,
      78.828125,
      79.265625,
      79.765625,
      81.234375,
      82.0390625,
      82.1953125,
      83.578125,
      83.5,
      84.6015625
    ],
    "test_loss": [
      1.6788769590854644,
      1.5168457114696503,
      1.4003483802080154,
      1.3102620512247085,
      1.3387501829862594,
      1.285050054192543,
      1.1475961428880692,
      1.1252193468809129,
      1.0741670125722884,
      1.0329953587055207,
      1.0392041617631913,
      1.030944026708603,
      1.002161356806755,
      0.9881252133846283,
      0.9798010665178299,
      0.9532213747501374,
      0.9916170781850815,
      0.9785736256837845,
      0.9618180084228516,
      1.0358441960811615,
      0.9555676031112671,
      0.9379086661338806,
      0.9467793411016464,
      0.9200049901008606,
      0.986645691394806,
      0.9635937333106994,
      0.9638748931884765,
      1.0770210978388786,
      1.0280152833461762,
      1.0224711894989014
    ],
    "test_acc": [
      40.15625,
      43.84375,
      49.78125,
      52.4375,
      52.6875,
      55.1875,
      59.6875,
      59.875,
      61.625,
      63.8125,
      63.75,
      63.78125,
      64.125,
      64.78125,
      65.15625,
      66.4375,
      64.8125,
      67.1875,
      66.375,
      65.0,
      68.125,
      67.65625,
      67.25,
      68.4375,
      66.71875,
      67.875,
      66.96875,
      65.90625,
      67.59375,
      68.15625
    ]
  }
}