{
  "config": {
    "run_name": "exp1_1_L2_K64",
    "out_dir": "./results",
    "seed": 1491205798,
    "device": null,
    "bs_train": 128,
    "bs_test": 32,
    "batches": 100,
    "epochs": 100,
    "early_stopping": 6,
    "checkpoints": null,
    "lr": 0.001,
    "reg": 0.001,
    "filters_per_layer": [
      64
    ],
    "layers_per_block": 2,
    "pool_every": 4,
    "hidden_dims": [
      100
    ],
    "model_type": "cnn",
    "kw": {}
  },
  "results": {
    "num_epochs": 27,
    "train_loss": [
      1.945209616422653,
      1.6220343351364135,
      1.4835985612869262,
      1.3792167866230012,
      1.3653019094467163,
      1.303942688703537,
      1.2712619173526765,
      1.2369445717334748,
      1.1858946973085402,
      1.1978515946865083,
      1.1679586678743363,
      1.134468201994896,
      1.1167760795354844,
      1.111276947259903,
      1.1008321559429168,
      1.0749460935592652,
      1.0551819348335265,
      1.0333532738685607,
      1.0298909556865692,
      1.0052293503284455,
      0.992036502957344,
      0.9943829363584519,
      0.9665352469682693,
      0.9431459665298462,
      0.9242124480009078,
      0.9261121881008149,
      0.9169642668962479
    ],
    "train_acc": [
      29.59375,
      42.2578125,
      46.8828125,
      50.453125,
      51.40625,
      53.3125,
      54.984375,
      56.515625,
      58.3984375,
      57.9609375,
      59.0546875,
      59.65625,
      60.6796875,
      60.78125,
      60.5390625,
      61.84375,
      62.5625,
      63.6171875,
      63.734375,
      64.5078125,
      65.4296875,
      64.9140625,
      65.9921875,
      67.2421875,
      67.2421875,
      67.5,
      67.71875
    ],
    "test_loss": [
      1.6571947300434113,
      1.5527967953681945,
      1.4348511648178102,
      1.405514869093895,
      1.3541370451450347,
      1.3064314585924148,
      1.3038094973564147,
      1.2819776439666748,
      1.2573456329107284,
      1.2871131211519242,
      1.2232739919424056,
      1.2394748544692993,
      1.2443590319156648,
      1.198057472705841,
      1.1894810199737549,
      1.2041381883621216,
      1.1774237656593323,
      1.192905354499817,
      1.2231948870420455,
      1.1970074993371964,
      1.1548832207918167,
      1.1994993495941162,
      1.1842493933439255,
      1.1589798986911775,
      1.1657085978984834,
      1.2065451484918595,
      1.156786767244339
    ],
    "test_acc": [
      42.03125,
      44.0,
      49.15625,
      49.125,
      50.875,
      53.125,
      53.1875,
      53.375,
      54.96875,
      54.3125,
      56.34375,
      56.34375,
      55.8125,
      56.46875,
      58.25,
      57.375,
      58.6875,
      58.5,
      56.65625,
      58.0,
      59.90625,
      57.0,
      58.90625,
      59.125,
      59.375,
      58.4375,
      59.84375
    ]
  }
}