{
  "config": {
    "run_name": "exp1_2_L2_K32",
    "out_dir": "./results",
    "seed": 160306237,
    "device": null,
    "bs_train": 128,
    "bs_test": 32,
    "batches": 100,
    "epochs": 100,
    "early_stopping": 6,
    "checkpoints": null,
    "lr": 0.001,
    "reg": 0.001,
    "filters_per_layer": [
      32
    ],
    "layers_per_block": 2,
    "pool_every": 4,
    "hidden_dims": [
      100
    ],
    "model_type": "cnn",
    "kw": {}
  },
  "results": {
    "num_epochs": 40,
    "train_loss": [
      2.047527722120285,
      1.6633087337017058,
      1.5097626781463622,
      1.444743720293045,
      1.3930488288402558,
      1.3411150228977204,
      1.3026251339912414,
      1.275403789281845,
      1.2518654823303224,
      1.2204296505451202,
      1.2063664239645004,
      1.2080521023273467,
      1.1746229511499404,
      1.160205636024475,
      1.1314221101999282,
      1.1207837849855422,
      1.092474234700203,
      1.1011740833520889,
      1.0894211202859878,
      1.0656491619348527,
      1.0610056239366532,
      1.0581056129932405,
      1.052897852063179,
      1.0307096457481384,
      1.0086814320087434,
      0.986144602894783,
      0.9907495695352554,
      0.9637095558643342,
      0.959845260977745,
      0.9488145744800568,
      0.9276516836881638,
      0.9335961943864822,
      0.9114084535837174,
      0.9047664785385132,
      0.8938953876495361,
      0.869499734044075,
      0.8603694772720337,
      0.8658935093879699,
      0.8439166313409805,
      0.8616267722845078
    ],
    "train_acc": [
      25.171875,
      40.84375,
      45.9375,
      48.359375,
      50.4296875,
      52.2578125,
      53.96875,
      54.4921875,
      55.4921875,
      56.4140625,
      57.25,
      57.0234375,
      57.75,
      58.9140625,
      59.8203125,
      60.53125,
      61.46875,
      61.21875,
      61.0546875,
      62.3203125,
      62.0546875,
      62.6015625,
      62.9453125,
      63.953125,
      64.34375,
      65.28125,
      64.8984375,
      66.1640625,
      66.40625,
      66.625,
      67.7734375,
      67.2890625,
      68.1015625,
      68.375,
      68.59375,
      69.1953125,
      69.2890625,
      69.8046875,
      70.4375,
      69.6875
    ],
    "test_loss": [
      1.7525754988193512,
      1.545485554933548,
      1.4614606785774231,
      1.4175205993652344,
      1.3442952221632003,
      1.3528401815891267,
      1.3012380248308182,
      1.3169189554452896,
      1.2719000476598739,
      1.281921117901802,
      1.2518621170520783,
      1.2544186913967132,
      1.233963874578476,
      1.2370407819747924,
      1.2235188215970993,
      1.2139506179094315,
      1.2178145509958267,
      1.1848416382074356,
      1.196532940864563,
      1.1915539038181304,
      1.1610426485538483,
      1.170380625128746,
      1.1762281012535096,
      1.2004454582929611,
      1.185498599410057,
      1.171351613998413,
      1.1311276376247406,
      1.1569112706184388,
      1.1642538046836852,
      1.1610742926597595,
      1.1223679459095002,
      1.137932826280594,
      1.1150858342647552,
      1.1129599452018737,
      1.1601723289489747,
      1.1541487044095993,
      1.1227089774608612,
      1.122862053513527,
      1.1057158690690994,
      1.1252110821008683
    ],
    "test_acc": [
      37.6875,
      44.5625,
      47.15625,
      49.3125,
      52.3125,
      52.0625,
      53.90625,
      53.3125,
      54.25,
      54.25,
      55.8125,
      54.8125,
      56.5625,
      55.6875,
      56.90625,
      57.21875,
      56.78125,
      56.96875,
      56.84375,
      56.75,
      58.59375,
      57.96875,
      57.53125,
      56.5625,
      57.75,
      57.9375,
      58.8125,
      57.84375,
      59.21875,
      59.625,
      60.28125,
      59.0625,
      59.96875,
      61.21875,
      59.46875,
      59.40625,
      60.0625,
      59.9375,
      60.90625,
      60.1875
    ]
  }
}