{
  "config": {
    "run_name": "exp2_L3_K32-64-128",
    "out_dir": "./results",
    "seed": 1886052834,
    "device": null,
    "bs_train": 128,
    "bs_test": 32,
    "batches": 100,
    "epochs": 100,
    "early_stopping": 6,
    "checkpoints": null,
    "lr": 0.001,
    "reg": 0.001,
    "filters_per_layer": [
      32,
      64,
      128
    ],
    "layers_per_block": 3,
    "pool_every": 8,
    "hidden_dims": [
      100
    ],
    "model_type": "yourcnn",
    "kw": {}
  },
  "results": {
    "num_epochs": 34,
    "train_loss": [
      2.055282403230667,
      1.7512129747867584,
      1.631821038722992,
      1.5577508223056793,
      1.4645930421352387,
      1.3970545256137847,
      1.341449589729309,
      1.3131896102428435,
      1.2654562926292419,
      1.2138029479980468,
      1.1910519790649414,
      1.1391474944353104,
      1.125297424197197,
      1.0974310594797134,
      1.0447931212186814,
      1.0178302776813508,
      0.9929938685894012,
      0.9559702867269516,
      0.9311036711931229,
      0.9203165036439895,
      0.9155842852592468,
      0.8660689508914947,
      0.8480243396759033,
      0.8210818034410476,
      0.8070105397701264,
      0.8106759124994278,
      0.7862318795919419,
      0.7706052279472351,
      0.7607883435487747,
      0.7515578263998032,
      0.7240244901180267,
      0.7100929579138756,
      0.7236618870496749,
      0.6876620498299598
    ],
    "train_acc": [
      25.9453125,
      38.1875,
      41.7421875,
      43.7578125,
      47.7421875,
      49.5390625,
      51.34375,
      53.09375,
      54.859375,
      56.625,
      57.578125,
      59.3046875,
      60.046875,
      61.4140625,
      62.8828125,
      63.4296875,
      64.8828125,
      66.4609375,
      67.5,
      67.7734375,
      68.1328125,
      69.8046875,
      70.15625,
      71.734375,
      71.8515625,
      71.6484375,
      72.4921875,
      72.9453125,
      73.390625,
      73.8125,
      74.59375,
      74.9921875,
      74.75,
      75.8359375
    ],
    "test_loss": [
      1.8226371645927428,
      1.6647077214717865,
      1.5441985356807708,
      1.4435647904872895,
      1.4362276846170425,
      1.4097131550312043,
      1.3724927312135697,
      1.23664725959301,
      1.2174078613519668,
      1.1961666613817215,
      1.160066168308258,
      1.158506724834442,
      1.0962528139352798,
      1.1161801415681838,
      1.0700957959890365,
      1.0680279344320298,
      1.0440558642148972,
      1.037355628013611,
      0.9941682374477386,
      1.0074191784858704,
      0.9806160953640938,
      0.9599069252610206,
      0.9733672341704369,
      0.9716968011856079,
      0.9639558935165405,
      0.9604314154386521,
      0.9816864109039307,
      0.9428994992375374,
      0.9440670093894005,
      0.9635313713550567,
      0.9456520187854767,
      0.9532722312211991,
      0.9622131437063217,
      0.9608172461390495
    ],
    "test_acc": [
      34.34375,
      40.4375,
      44.125,
      48.34375,
      48.65625,
      51.0625,
      51.65625,
      55.5625,
      56.1875,
      57.0625,
      57.90625,
      58.125,
      60.71875,
      60.28125,
      61.9375,
      61.875,
      62.4375,
      63.90625,
      65.0625,
      65.03125,
      65.5625,
      66.5,
      65.8125,
      66.1875,
      66.65625,
      66.875,
      66.5,
      68.4375,
      68.0625,
      66.6875,
      68.09375,
      67.09375,
      66.5625,
      67.0625
    ]
  }
}